Linguagem,Projeto,Numero de Tokens de Codigo Fonte (Excluindo Tokens de Comentario),Numero de Tokens apenas dos Comentarios,Numero Total de Tokens do Projeto,NTCF/NTTP (%),NTC/NTTP (%),Numero de Caracteres de Codigo Fonte (Excluindo Caracteres de Comentario),Numero de Caracteres apenas dos Comentarios,Numero Total de Carateres do Projeto,NCCF/NTCP (%),NCC/NTCP (%),Numero de Linhas de Codigo Fonte (Excluindo Linhas de Comentario),Numero de Linhas apenas do Comentarios,Numero Total de Linhas do Projeto,NLCF/NTLP (%),NLC/NTLP (%)
PHP,spatie | laravel-permission,20363,3002,23365,87.15,12.85,100051,12684,112735,88.75,11.25,2968,662,3630,81.76,18.24
PHP,laravel | framework,764822,241867,1006689,75.97,24.03,3264809,956660,4221469,77.34,22.66,111537,57641,169178,65.93,34.07
PHP,doctrine | orm,592764,153201,745965,79.46,20.54,2816435,624353,3440788,81.85,18.15,91885,32080,123965,74.12,25.88
PHP,walkor | Workerman,31239,10540,41779,74.77,25.23,124278,39901,164179,75.70,24.30,4971,2835,7806,63.68,36.32
PHP,laravel | tinker,1203,631,1834,65.59,34.41,5230,2147,7377,70.90,29.10,235,140,375,62.67,37.33
PHP,guzzle | guzzle,54946,13472,68418,80.31,19.69,217940,57246,275186,79.20,20.80,8526,2200,10726,79.49,20.51
PHP,catfan | Medoo,7148,81,7229,98.88,1.12,24601,316,24917,98.73,1.27,1364,14,1378,98.98,1.02
PHP,slimphp | Slim,66171,23981,90152,73.40,26.60,284951,99486,384437,74.12,25.88,10949,4900,15849,69.08,30.92
PHP,phpseclib | phpseclib,232294,114373,346667,67.01,32.99,1012444,455489,1467933,68.97,31.03,35212,21709,56921,61.86,38.14
PHP,monicahq | monica,458812,83445,542257,84.61,15.39,3291457,292102,3583559,91.85,8.15,75728,15800,91528,82.74,17.26
PHP,ThinkUpLLC | ThinkUp,975535,357491,1333026,73.18,26.82,4616312,1431840,6048152,76.33,23.67,124475,53728,178203,69.85,30.15
PHP,overtrue | wechat,132053,49201,181254,72.86,27.14,586268,218635,804903,72.84,27.16,20347,12645,32992,61.67,38.33
PHP,hanc00l | wooyun_public,2365,68,2433,97.21,2.79,9471,418,9889,95.77,4.23,1449,2,1451,99.86,0.14
PHP,pagekit | pagekit,237233,32226,269459,88.04,11.96,1701981,108420,1810401,94.01,5.99,46297,9053,55350,83.64,16.36
PHP,jenssegers | laravel-mongodb,47109,9161,56270,83.72,16.28,175791,34935,210726,83.42,16.58,6122,1885,8007,76.46,23.54
PHP,hamcrest | hamcrest-php,31171,9068,40239,77.46,22.54,145720,32558,178278,81.74,18.26,6438,1776,8214,78.38,21.62
PHP,vrana | adminer,146385,18216,164601,88.93,11.07,856195,73150,929345,92.13,7.87,25367,2150,27517,92.19,7.81
PHP,PrestaShop | PrestaShop,1750109,1118520,2868629,61.01,38.99,8602461,4806381,13408842,64.16,35.84,272741,166040,438781,62.16,37.84
PHP,Codeception | Codeception,240825,96886,337711,71.31,28.69,1086246,353283,1439529,75.46,24.54,42820,17830,60650,70.60,29.40
PHP,humhub | humhub,730365,1222085,1952450,37.41,62.59,5522304,4967657,10489961,52.64,47.36,142349,84865,227214,62.65,37.35
PHP,phpstan | phpstan,495051,30923,525974,94.12,5.88,2477730,140182,2617912,94.65,5.35,87956,6796,94752,92.83,7.17
PHP,filp | whoops,18589,9403,27992,66.41,33.59,82064,39862,121926,67.31,32.69,3562,1950,5512,64.62,35.38
PHP,phar-io | manifest,10571,5965,16536,63.93,36.07,54713,28273,82986,65.93,34.07,2019,1324,3343,60.39,39.61
PHP,helloqingfeng | Awsome-Front-End-learning-resource,68561,69697,138258,49.59,50.41,307206,222790,529996,57.96,42.04,11735,10118,21853,53.70,46.30
PHP,mledoze | countries,1646,575,2221,74.11,25.89,7697,2267,9964,77.25,22.75,301,170,471,63.91,36.09
PHP,php-pm | php-pm,13739,4974,18713,73.42,26.58,63016,19689,82705,76.19,23.81,2421,1121,3542,68.35,31.65
PHP,webonyx | graphql-php,260819,56964,317783,82.07,17.93,1222728,213854,1436582,85.11,14.89,55062,11183,66245,83.12,16.88
PHP,theseer | tokenizer,2220,317,2537,87.50,12.50,9339,1127,10466,89.23,10.77,393,125,518,75.87,24.13
PHP,mgp25 | Chat-API,97082,23749,120831,80.35,19.65,429193,92931,522124,82.20,17.80,17160,3851,21011,81.67,18.33
PHP,phan | phan,743523,258888,1002411,74.17,25.83,4766037,1043627,5809664,82.04,17.96,131108,37282,168390,77.86,22.14
PHP,paragonie | random_compat,5982,5316,11298,52.95,47.05,24787,20563,45350,54.66,45.34,1124,779,1903,59.06,40.94
PHP,tymondesigns | jwt-auth,34095,16637,50732,67.21,32.79,145062,62724,207786,69.81,30.19,5186,3969,9155,56.65,43.35
PHP,CachetHQ | Cachet,294678,133673,428351,68.79,31.21,2185972,480379,2666351,81.98,18.02,50086,21783,71869,69.69,30.31
PHP,dodgepudding | wechat-php-sdk,63022,25206,88228,71.43,28.57,247398,123096,370494,66.78,33.22,9297,4011,13308,69.86,30.14
PHP,phanan | koel,48742,25916,74658,65.29,34.71,216755,83421,300176,72.21,27.79,8595,3526,12121,70.91,29.09
PHP,drupal | drupal,4560973,2159767,6720740,67.86,32.14,23157855,9199775,32357630,71.57,28.43,678172,395390,1073562,63.17,36.83
PHP,nextcloud | server,1994565,1015416,3009981,66.27,33.73,9007283,4115950,13123233,68.64,31.36,290906,163465,454371,64.02,35.98
PHP,kanboard | kanboard,1008361,300000,1308361,77.07,22.93,6130257,1058923,7189180,85.27,14.73,172163,55950,228113,75.47,24.53
PHP,nikic | FastRoute,7374,2846,10220,72.15,27.85,31783,8429,40212,79.04,20.96,1345,330,1675,80.30,19.70
PHP,facebook | php-webdriver,44846,36974,81820,54.81,45.19,222655,162627,385282,57.79,42.21,8136,5883,14019,58.04,41.96
PHP,ethicalhack3r | DVWA,125943,68250,194193,64.85,35.15,590422,266799,857221,68.88,31.12,19587,9675,29262,66.94,33.06
PHP,serbanghita | Mobile-Detect,29401,8501,37902,77.57,22.43,340524,39791,380315,89.54,10.46,3412,1140,4552,74.96,25.04
PHP,symfony | polyfill-mbstring,14077,643,14720,95.63,4.37,51396,3066,54462,94.37,5.63,2839,72,2911,97.53,2.47
PHP,sebastianbergmann | phpunit,179507,61126,240633,74.60,25.40,828767,274585,1103352,75.11,24.89,146088,45600,191688,76.21,23.79
PHP,barryvdh | laravel-dompdf,1364,2126,3490,39.08,60.92,5370,8215,13585,39.53,60.47,221,321,542,40.77,59.23
PHP,fuzzdb-project | fuzzdb,7848,8654,16502,47.56,52.44,29475,39868,69343,42.51,57.49,1908,1046,2954,64.59,35.41
PHP,doctrine | annotations,43150,8862,52012,82.96,17.04,178436,33611,212047,84.15,15.85,8208,2225,10433,78.67,21.33
PHP,symfony | process,17960,7124,25084,71.60,28.40,75235,30213,105448,71.35,28.65,3043,1237,4280,71.10,28.90
PHP,spatie | laravel-backup,23099,1728,24827,93.04,6.96,150197,7511,157708,95.24,4.76,4051,369,4420,91.65,8.35
PHP,joypixels | emojione,197890,2251,200141,98.88,1.12,727263,8244,735507,98.88,1.12,5132,5694,10826,47.40,52.60
PHP,phacility | phabricator,2382221,306775,2688996,88.59,11.41,12181418,1147376,13328794,91.39,8.61,479747,32651,512398,93.63,6.37
PHP,Seldaek | monolog,91446,32695,124141,73.66,26.34,399701,139761,539462,74.09,25.91,14513,6163,20676,70.19,29.81
PHP,symfony | css-selector,22246,8097,30343,73.32,26.68,98876,33449,132325,74.72,25.28,3384,1673,5057,66.92,33.08
PHP,barryvdh | laravel-ide-helper,10600,4428,15028,70.54,29.46,45899,16763,62662,73.25,26.75,1855,864,2719,68.22,31.78
PHP,egulias | EmailValidator,13715,743,14458,94.86,5.14,60689,2989,63678,95.31,4.69,2254,221,2475,91.07,8.93
PHP,typecho | typecho,129774,46960,176734,73.43,26.57,531609,193860,725469,73.28,26.72,23524,13266,36790,63.94,36.06
PHP,PHPOffice | PhpSpreadsheet,493650,174381,668031,73.90,26.10,1994055,657427,2651482,75.21,24.79,90308,32526,122834,73.52,26.48
PHP,ivanakimov | hashids.php,4343,1814,6157,70.54,29.46,17026,6664,23690,71.87,28.13,620,505,1125,55.11,44.89
PHP,guzzle | promises,18542,3759,22301,83.14,16.86,63222,15896,79118,79.91,20.09,2809,613,3422,82.09,17.91
PHP,wp-cli | wp-cli,62239,27414,89653,69.42,30.58,262714,105754,368468,71.30,28.70,9569,4509,14078,67.97,32.03
PHP,doctrine | common,18177,6832,25009,72.68,27.32,101582,28455,130037,78.12,21.88,3754,1796,5550,67.64,32.36
PHP,kriswallsmith | assetic,58308,19115,77423,75.31,24.69,257005,76523,333528,77.06,22.94,10885,3799,14684,74.13,25.87
PHP,barryvdh | laravel-debugbar,17980,5782,23762,75.67,24.33,72425,22588,95013,76.23,23.77,3112,1128,4240,73.40,26.60
PHP,laravel | socialite,7060,2684,9744,72.45,27.55,31664,9990,41654,76.02,23.98,1181,808,1989,59.38,40.62
PHP,deployphp | deployer,42674,13001,55675,76.65,23.35,185056,49793,234849,78.80,21.20,7815,2860,10675,73.21,26.79
PHP,symfony | event-dispatcher,13765,3408,17173,80.15,19.85,63142,13454,76596,82.44,17.56,1977,687,2664,74.21,25.79
PHP,swiftmailer | swiftmailer,163058,49388,212446,76.75,23.25,728000,187791,915791,79.49,20.51,27531,9772,37303,73.80,26.20
PHP,Respect | Validation,111009,81095,192104,57.79,42.21,508673,369651,878324,57.91,42.09,26281,13146,39427,66.66,33.34
PHP,WP-API | WP-API,111361,14758,126119,88.30,11.70,510278,60719,570997,89.37,10.63,14340,2640,16980,84.45,15.55
PHP,ramsey | uuid,28769,17109,45878,62.71,37.29,147103,80407,227510,64.66,35.34,4895,3201,8096,60.46,39.54
PHP,botman | botman,50785,11361,62146,81.72,18.28,214285,41669,255954,83.72,16.28,8207,3029,11236,73.04,26.96
PHP,z-song | laravel-admin,105051,33863,138914,75.62,24.38,465752,109166,574918,81.01,18.99,18650,9976,28626,65.15,34.85
PHP,twigphp | Twig,105894,30997,136891,77.36,22.64,485211,123829,609040,79.67,20.33,17316,5390,22706,76.26,23.74
PHP,matomo-org | matomo,1473041,612925,2085966,70.62,29.38,8288757,2531170,10819927,76.61,23.39,253194,104952,358146,70.70,29.30
PHP,sebastianbergmann | resource-operations,4626,152,4778,96.82,3.18,44406,660,45066,98.54,1.46,2266,41,2307,98.22,1.78
PHP,docker | labs,909730,679012,1588742,57.26,42.74,4009625,2586297,6595922,60.79,39.21,167147,103826,270973,61.68,38.32
PHP,sebastianbergmann | exporter,1807,609,2416,74.79,25.21,7415,2569,9984,74.27,25.73,485,113,598,81.10,18.90
PHP,maximebf | php-debugbar,31655,13048,44703,70.81,29.19,136289,51906,188195,72.42,27.58,5584,2698,8282,67.42,32.58
PHP,flarum | core,99969,53936,153905,64.96,35.04,440434,204379,644813,68.30,31.70,17906,12018,29924,59.84,40.16
PHP,barryvdh | laravel-cors,3871,603,4474,86.52,13.48,17256,2316,19572,88.17,11.83,598,106,704,84.94,15.06
PHP,silexphp | Silex,51084,11971,63055,81.01,18.99,228587,47931,276518,82.67,17.33,7450,2259,9709,76.73,23.27
PHP,thephpleague | flysystem,37022,10297,47319,78.24,21.76,163793,37675,201468,81.30,18.70,6270,2864,9134,68.64,31.36
PHP,PHPOffice | PHPExcel,462190,256772,718962,64.29,35.71,1994211,1000106,2994317,66.60,33.40,69553,40140,109693,63.41,36.59
PHP,facebookarchive | facebook-php-sdk,15775,5173,20948,75.31,24.69,73742,20248,93990,78.46,21.54,2794,831,3625,77.08,22.92
PHP,tennc | webshell,1175436,68611,1244047,94.48,5.52,8059334,251783,8311117,96.97,3.03,245641,12140,257781,95.29,4.71
PHP,mtdowling | cron-expression,9826,3467,13293,73.92,26.08,40020,14108,54128,73.94,26.06,1325,613,1938,68.37,31.63
PHP,dompdf | dompdf,133457,80246,213703,62.45,37.55,467579,293902,761481,61.40,38.60,22059,12661,34720,63.53,36.47
PHP,phpDocumentor | ReflectionDocBlock,28326,17110,45436,62.34,37.66,135303,90894,226197,59.82,40.18,4572,3538,8110,56.37,43.63
PHP,Intervention | image,92256,12481,104737,88.08,11.92,348417,52178,400595,86.97,13.03,11419,2975,14394,79.33,20.67
PHP,thephpleague | oauth2-server,40402,8929,49331,81.90,18.10,220838,42413,263251,83.89,16.11,6472,2253,8725,74.18,25.82
PHP,owncloud | core,1560531,790620,2351151,66.37,33.63,6839025,3183866,10022891,68.23,31.77,228351,133222,361573,63.15,36.85
PHP,chriskacerguis | codeigniter-restserver,14073,14777,28850,48.78,51.22,68209,50868,119077,57.28,42.72,2597,1886,4483,57.93,42.07
PHP,PHPMailer | PHPMailer,29923,22031,51954,57.60,42.40,172580,86015,258595,66.74,33.26,6456,3475,9931,65.01,34.99
PHP,roots | sage,2694,1597,4291,62.78,37.22,13631,6122,19753,69.01,30.99,313,243,556,56.29,43.71
PHP,picocms | Pico,10467,12874,23341,44.84,55.16,42103,49324,91427,46.05,53.95,1531,1966,3497,43.78,56.22
PHP,symfony | debug,22448,4787,27235,82.42,17.58,111489,19310,130799,85.24,14.76,3651,882,4533,80.54,19.46
PHP,isohuntto | openbay,30633,5336,35969,85.17,14.83,137478,21427,158905,86.52,13.48,7404,1212,8616,85.93,14.07
PHP,FriendsOfPHP | PHP-CS-Fixer,368435,125295,493730,74.62,25.38,2229958,491916,2721874,81.93,18.07,104707,36006,140713,74.41,25.59
PHP,doctrine | inflector,17666,1190,18856,93.69,6.31,69362,4373,73735,94.07,5.93,2829,284,3113,90.88,9.12
PHP,timber | timber,110260,29517,139777,78.88,21.12,483768,104341,588109,82.26,17.74,14666,4835,19501,75.21,24.79
PHP,andersao | l5-repository,16025,9062,25087,63.88,36.12,71022,32216,103238,68.79,31.21,2979,2630,5609,53.11,46.89
PHP,rappasoft | laravel-5-boilerplate,104426,66976,171402,60.92,39.08,821563,204648,1026211,80.06,19.94,21571,7531,29102,74.12,25.88
PHP,mautic | mautic,1627625,445571,2073196,78.51,21.49,7751211,1870504,9621715,80.56,19.44,286951,115270,402221,71.34,28.66
PHP,octobercms | october,372651,105207,477858,77.98,22.02,2720912,380076,3100988,87.74,12.26,77545,18465,96010,80.77,19.23
PHP,magento | magento2,9000538,2763311,11763849,76.51,23.49,42783471,14027323,56810794,75.31,24.69,1517100,804352,2321452,65.35,34.65
PHP,bcit-ci | CodeIgniter,209739,222945,432684,48.47,51.53,848334,735377,1583711,53.57,46.43,35598,29409,65007,54.76,45.24
PHP,lcobucci | jwt,22961,8364,31325,73.30,26.70,107647,52678,160325,67.14,32.86,3891,2605,6496,59.90,40.10
PHP,kalcaddle | KodExplorer,537703,61553,599256,89.73,10.27,3097662,207862,3305524,93.71,6.29,58354,5920,64274,90.79,9.21
PHP,opencart | opencart,1754047,205291,1959338,89.52,10.48,7983021,831370,8814391,90.57,9.43,227484,39200,266684,85.30,14.70
PHP,Behat | Behat,102069,71204,173273,58.91,41.09,533797,285198,818995,65.18,34.82,18366,18065,36431,50.41,49.59
PHP,bobthecow | psysh,76153,37677,113830,66.90,33.10,336703,145759,482462,69.79,30.21,13806,7729,21535,64.11,35.89
PHP,laravel | telescope,25672,7882,33554,76.51,23.49,115655,30651,146306,79.05,20.95,4080,2118,6198,65.83,34.17
PHP,phalcon | cphalcon,505747,405680,911427,55.49,44.51,2414304,1642655,4056959,59.51,40.49,104553,88892,193445,54.05,45.95
PHP,tijsverkoyen | CssToInlineStyles,3400,865,4265,79.72,20.28,16690,3372,20062,83.19,16.81,1084,235,1319,82.18,17.82
PHP,nikic | PHP-Parser,157326,23622,180948,86.95,13.05,522917,95279,618196,84.59,15.41,18226,4042,22268,81.85,18.15
PHP,woocommerce | woocommerce,933629,371555,1305184,71.53,28.47,4441950,1436306,5878256,75.57,24.43,161952,71997,233949,69.23,30.77
PHP,phpDocumentor | TypeResolver,9469,7447,16916,55.98,44.02,44431,34440,78871,56.33,43.67,1595,1362,2957,53.94,46.06
PHP,erusev | parsedown,9172,844,10016,91.57,8.43,34790,3193,37983,91.59,8.41,1483,406,1889,78.51,21.49
PHP,vlucas | phpdotenv,8743,4003,12746,68.59,31.41,36843,17247,54090,68.11,31.89,1556,1072,2628,59.21,40.79
PHP,cakephp | cakephp,1168406,597429,1765835,66.17,33.83,4890245,2390904,7281149,67.16,32.84,188313,113352,301665,62.42,37.58
PHP,fideloper | TrustedProxy,1582,1076,2658,59.52,40.48,9609,4341,13950,68.88,31.12,254,175,429,59.21,40.79
PHP,sebastianbergmann | php-token-stream,8942,1725,10667,83.83,16.17,38984,6888,45872,84.98,15.02,1983,517,2500,79.32,20.68
PHP,invoiceninja | invoiceninja,840024,100326,940350,89.33,10.67,7654106,336755,7990861,95.79,4.21,157006,17701,174707,89.87,10.13
PHP,Maatwebsite | Laravel-Excel,46632,11398,58030,80.36,19.64,209192,39823,249015,84.01,15.99,8412,3637,12049,69.81,30.19
PHP,KnpLabs | snappy,8337,2130,10467,79.65,20.35,36948,8400,45348,81.48,18.52,1562,358,1920,81.35,18.65
PHP,mockery | mockery,61318,29722,91040,67.35,32.65,275999,126982,402981,68.49,31.51,10705,5611,16316,65.61,34.39
PHP,directus | directus,1318411,509579,1827990,72.12,27.88,6301591,2077855,8379446,75.20,24.80,225958,102166,328124,68.86,31.14
PHP,symfony | http-kernel,118784,32156,150940,78.70,21.30,551791,132443,684234,80.64,19.36,17129,6015,23144,74.01,25.99
PHP,myclabs | DeepCopy,7062,1045,8107,87.11,12.89,31682,4639,36321,87.23,12.77,1451,282,1733,83.73,16.27
PHP,composer | composer,643743,70807,714550,90.09,9.91,3232885,292621,3525506,91.70,8.30,50693,13736,64429,78.68,21.32
PHP,yiisoft | yii2,607094,438868,1045962,58.04,41.96,3084726,1693882,4778608,64.55,35.45,104779,57972,162751,64.38,35.62
PHP,sebastianbergmann | diff,21385,4814,26199,81.63,18.37,81151,19800,100951,80.39,19.61,3989,955,4944,80.68,19.32
PHP,squizlabs | PHP_CodeSniffer,276146,141729,417875,66.08,33.92,1095459,559236,1654695,66.20,33.80,52533,22413,74946,70.09,29.91
PHP,sebastianbergmann | php-file-iterator,1187,343,1530,77.58,22.42,4412,1358,5770,76.46,23.54,216,78,294,73.47,26.53
PHP,elastic | elasticsearch-php,57477,39163,96640,59.48,40.52,257945,166838,424783,60.72,39.28,11591,7199,18790,61.69,38.31
PHP,sebastianbergmann | php-code-coverage,32236,6431,38667,83.37,16.63,141254,26905,168159,84.00,16.00,95990,23566,119556,80.29,19.71
PHP,nrk | predis,194653,81303,275956,70.54,29.46,871922,330191,1202113,72.53,27.47,32548,18999,51547,63.14,36.86
PHP,sebastianbergmann | phpunit-mock-objects,20280,7806,28086,72.21,27.79,95634,33281,128915,74.18,25.82,4082,1747,5829,70.03,29.97
PHP,mgp25 | Instagram-API,119349,183840,303189,39.36,60.64,629065,738352,1367417,46.00,54.00,22685,25429,48114,47.15,52.85
PHP,symfony | translation,44516,15262,59778,74.47,25.53,207039,62955,269994,76.68,23.32,6877,2953,9830,69.96,30.04
PHP,symfony | console,107276,27373,134649,79.67,20.33,515173,111047,626220,82.27,17.73,16053,5401,21454,74.83,25.17
PHP,sebastianbergmann | environment,2212,1031,3243,68.21,31.79,9131,4509,13640,66.94,33.06,420,224,644,65.22,34.78
PHP,phar-io | version,4654,2479,7133,65.25,34.75,21152,10444,31596,66.95,33.05,799,573,1372,58.24,41.76
PHP,the-control-group | voyager,167757,11863,179620,93.40,6.60,1151152,43481,1194633,96.36,3.64,26481,2342,28823,91.87,8.13
PHP,doctrine | dbal,290293,72405,362698,80.04,19.96,1454501,273862,1728363,84.15,15.85,51006,16477,67483,75.58,24.42
PHP,symfony | finder,20222,6770,26992,74.92,25.08,87445,26496,113941,76.75,23.25,3760,1263,5023,74.86,25.14
PHP,hirak | prestissimo,9138,787,9925,92.07,7.93,36965,3381,40346,91.62,8.38,42268,258,42526,99.39,0.61
PHP,sebastianbergmann | global-state,4485,1255,5740,78.14,21.86,19991,5500,25491,78.42,21.58,812,290,1102,73.68,26.32
PHP,anchorcms | anchor-cms,61132,22027,83159,73.51,26.49,235829,83795,319624,73.78,26.22,12708,5410,18118,70.14,29.86
PHP,PHPOffice | PHPWord,206869,125380,332249,62.26,37.74,997026,521723,1518749,65.65,34.35,32290,25578,57868,55.80,44.20
PHP,phpmyadmin | phpmyadmin,739971,270514,1010485,73.23,26.77,3355353,1096846,4452199,75.36,24.64,150977,58757,209734,71.98,28.02
PHP,geocoder-php | Geocoder,89249,22204,111453,80.08,19.92,416295,93407,509702,81.67,18.33,13826,5536,19362,71.41,28.59
PHP,wallabag | wallabag,140810,27365,168175,83.73,16.27,693253,102531,795784,87.12,12.88,21343,5195,26538,80.42,19.58
PHP,laravel | laravel,5774,12015,17789,32.46,67.54,30178,35150,65328,46.19,53.81,1128,1248,2376,47.47,52.53
PHP,cakephp | phinx,147199,45341,192540,76.45,23.55,718060,187927,905987,79.26,20.74,23966,8910,32876,72.90,27.10
PHP,symfony | http-foundation,101442,33168,134610,75.36,24.64,461099,132448,593547,77.69,22.31,14893,6792,21685,68.68,31.32
PHP,danielmiessler | SecLists,3713,3241,6954,53.39,46.61,12984,14323,27307,47.55,52.45,849,388,1237,68.63,31.37
PHP,FriendsOfPHP | Goutte,3727,303,4030,92.48,7.52,15291,1264,16555,92.36,7.64,545,60,605,90.08,9.92
PHP,doctrine | lexer,1816,967,2783,65.25,34.75,7220,3627,10847,66.56,33.44,332,216,548,60.58,39.42
PHP,top-think | think,793,5515,6308,12.57,87.43,4506,15232,19738,22.83,77.17,214,340,554,38.63,61.37
PHP,webmozart | assert,10901,2900,13801,78.99,21.01,42457,9915,52372,81.07,18.93,1471,238,1709,86.07,13.93
PHP,doctrine | collections,13511,3965,17476,77.31,22.69,53779,15170,68949,78.00,22.00,2116,933,3049,69.40,30.60
PHP,JakubOnderka | PHP-Console-Highlighter,1567,193,1760,89.03,10.97,8563,1005,9568,89.50,10.50,431,63,494,87.25,12.75
PHP,WordPress | WordPress,1234453,932040,2166493,56.98,43.02,5376107,3577479,8953586,60.04,39.96,236130,140851,376981,62.64,37.36
PHP,fzaninotto | Faker,468659,78879,547538,85.59,14.41,8990491,339741,9330232,96.36,3.64,105661,10725,116386,90.78,9.22
PHP,JakubOnderka | PHP-Console-Color,2141,197,2338,91.57,8.43,8824,739,9563,92.27,7.73,370,64,434,85.25,14.75
PHP,electerious | Lychee,23579,4910,28489,82.77,17.23,99326,20794,120120,82.69,17.31,2564,969,3533,72.57,27.43
PHP,caouecs | Laravel-lang,36075,53318,89393,40.36,59.64,518631,158823,677454,76.56,23.44,9986,4239,14225,70.20,29.80
PHP,ratchetphp | Ratchet,21352,4401,25753,82.91,17.09,91795,19277,111072,82.64,17.36,2947,936,3883,75.89,24.11
PHP,googleapis | google-api-php-client,36981,16625,53606,68.99,31.01,163457,74776,238233,68.61,31.39,6571,2522,9093,72.26,27.74
PHP,domnikl | DesignPatternsPHP,13643,3348,16991,80.30,19.70,61765,12886,74651,82.74,17.26,2925,804,3729,78.44,21.56
PHP,dingo | api,47726,17412,65138,73.27,26.73,202800,69387,272187,74.51,25.49,7232,4652,11884,60.85,39.15
PHP,aws | aws-sdk-php,3004606,230911,3235517,92.86,7.14,29356337,1135527,30491864,96.28,3.72,47283,24634,71917,65.75,34.25
PHP,briannesbitt | Carbon,531242,2191061,2722303,19.51,80.49,3323999,6674883,9998882,33.24,66.76,145502,112192,257694,56.46,43.54
PHP,yiisoft | yii,2969463,450661,3420124,86.82,13.18,16121569,1800194,17921763,89.96,10.04,742992,60847,803839,92.43,7.57
PHP,chrisboulton | php-resque,13648,5689,19337,70.58,29.42,54738,22615,77353,70.76,29.24,2476,945,3421,72.38,27.62
PHP,JeffreyWay | Laravel-4-Generators,6262,3066,9328,67.13,32.87,31152,10498,41650,74.79,25.21,1173,820,1993,58.86,41.14
PHP,php-fig | log,1859,1836,3695,50.31,49.69,7822,7018,14840,52.71,47.29,307,397,704,43.61,56.39
PHP,bolt | bolt,401173,129132,530305,75.65,24.35,1727347,507981,2235328,77.27,22.73,67312,28511,95823,70.25,29.75
PHP,php-ai | php-ml,92405,13619,106024,87.15,12.85,328461,52237,380698,86.28,13.72,13087,2885,15972,81.94,18.06
PHP,guzzle | psr7,44797,10227,55024,81.41,18.59,178792,42839,221631,80.67,19.33,7277,1718,8995,80.90,19.10
PHP,Sylius | Sylius,601408,180968,782376,76.87,23.13,3283320,661742,3945062,83.23,16.77,103847,38851,142698,72.77,27.23
PHP,joomla | joomla-cms,2223238,1390157,3613395,61.53,38.47,9184244,5300773,14485017,63.41,36.59,410765,254780,665545,61.72,38.28
PHP,phpspec | prophecy,43826,12110,55936,78.35,21.65,220793,50122,270915,81.50,18.50,8247,2785,11032,74.76,25.24
PHP,abraham | twitteroauth,6303,3051,9354,67.38,32.62,27588,11764,39352,70.11,29.89,1070,672,1742,61.42,38.58
PHP,rmccue | Requests,37219,17106,54325,68.51,31.49,151647,67986,219633,69.05,30.95,5426,3475,8901,60.96,39.04
PHP,doctrine | instantiator,2604,838,3442,75.65,24.35,15796,3776,19572,80.71,19.29,579,250,829,69.84,30.16
PHP,avalanche123 | Imagine,78208,29692,107900,72.48,27.52,317830,127813,445643,71.32,28.68,11808,7458,19266,61.29,38.71
PHP,symfony | symfony,2285332,620150,2905482,78.66,21.34,10803719,2575318,13379037,80.75,19.25,350594,118488,469082,74.74,25.26
PHP,symfony | thanks,1971,277,2248,87.68,12.32,8869,1086,9955,89.09,10.91,322,40,362,88.95,11.05
PHP,symfony | var-dumper,42884,8125,51009,84.07,15.93,204730,32086,236816,86.45,13.55,8946,1495,10441,85.68,14.32
PHP,YOURLS | YOURLS,89856,68273,158129,56.82,43.18,371004,267504,638508,58.10,41.90,17868,11497,29365,60.85,39.15
PHP,Zizaco | entrust,12948,10833,23781,54.45,45.55,53927,28544,82471,65.39,34.61,1926,1257,3183,60.51,39.49
PHP,johnlui | Learn-Laravel-5,9369,10998,20367,46.00,54.00,44776,32165,76941,58.20,41.80,1122,1164,2286,49.08,50.92
PHP,sebastianbergmann | comparator,10553,4710,15263,69.14,30.86,45541,21945,67486,67.48,32.52,2014,1009,3023,66.62,33.38
PHP,doctrine | cache,20586,6194,26780,76.87,23.13,88595,23564,112159,78.99,21.01,3664,1371,5035,72.77,27.23
PHP,getgrav | grav,232707,93292,325999,71.38,28.62,969971,349910,1319881,73.49,26.51,77815,33960,111775,69.62,30.38
PHP,laravel | lumen,1027,1847,2874,35.73,64.27,4639,5857,10496,44.20,55.80,260,282,542,47.97,52.03
PHP,symfony | routing,154916,20168,175084,88.48,11.52,633601,82804,716405,88.44,11.56,17070,3600,20670,82.58,17.42
PHP,nemoTyrant | manong,2113,239,2352,89.84,10.16,9471,843,10314,91.83,8.17,387,84,471,82.17,17.83
