Linguagem,Projeto,Numero de Tokens de Codigo Fonte (Excluindo Tokens de Comentario),Numero de Tokens apenas dos Comentarios,Numero Total de Tokens do Projeto,NTCF/NTTP (%),NTC/NTTP (%),Numero de Caracteres de Codigo Fonte (Excluindo Caracteres de Comentario),Numero de Caracteres apenas dos Comentarios,Numero Total de Carateres do Projeto,NCCF/NTCP (%),NCC/NTCP (%)
PHP,abraham | twitteroauth,6303,3051,9354,67.38,32.62,27588,11764,39352,70.11,29.89
PHP,anchorcms | anchor-cms,61132,22027,83159,73.51,26.49,235829,83795,319624,73.78,26.22
PHP,andersao | l5-repository,16025,9062,25087,63.88,36.12,71022,32216,103238,68.79,31.21
PHP,avalanche123 | Imagine,78208,29692,107900,72.48,27.52,317830,127813,445643,71.32,28.68
PHP,aws | aws-sdk-php,3004606,230911,3235517,92.86,7.14,29356337,1135527,30491864,96.28,3.72
PHP,barryvdh | laravel-cors,3871,603,4474,86.52,13.48,17256,2316,19572,88.17,11.83
PHP,barryvdh | laravel-debugbar,17980,5782,23762,75.67,24.33,72425,22588,95013,76.23,23.77
PHP,barryvdh | laravel-dompdf,1364,2126,3490,39.08,60.92,5370,8215,13585,39.53,60.47
PHP,barryvdh | laravel-ide-helper,10600,4428,15028,70.54,29.46,45899,16763,62662,73.25,26.75
PHP,bcit-ci | CodeIgniter,209739,222945,432684,48.47,51.53,848334,735377,1583711,53.57,46.43
PHP,Behat | Behat,102069,71204,173273,58.91,41.09,533797,285198,818995,65.18,34.82
PHP,bobthecow | psysh,76153,37677,113830,66.90,33.10,336703,145759,482462,69.79,30.21
PHP,bolt | bolt,401173,129132,530305,75.65,24.35,1727347,507981,2235328,77.27,22.73
PHP,botman | botman,50785,11361,62146,81.72,18.28,214285,41669,255954,83.72,16.28
PHP,briannesbitt | Carbon,531242,2191061,2722303,19.51,80.49,3323999,6674883,9998882,33.24,66.76
PHP,CachetHQ | Cachet,294678,133673,428351,68.79,31.21,2185972,480379,2666351,81.98,18.02
PHP,cakephp | cakephp,1168406,597429,1765835,66.17,33.83,4890245,2390904,7281149,67.16,32.84
PHP,cakephp | phinx,147199,45341,192540,76.45,23.55,718060,187927,905987,79.26,20.74
PHP,caouecs | Laravel-lang,36075,53318,89393,40.36,59.64,518631,158823,677454,76.56,23.44
PHP,catfan | Medoo,7148,81,7229,98.88,1.12,24601,316,24917,98.73,1.27
PHP,chrisboulton | php-resque,13648,5689,19337,70.58,29.42,54738,22615,77353,70.76,29.24
PHP,chriskacerguis | codeigniter-restserver,14073,14777,28850,48.78,51.22,68209,50868,119077,57.28,42.72
PHP,Codeception | Codeception,240825,96886,337711,71.31,28.69,1086246,353283,1439529,75.46,24.54
PHP,composer | composer,643743,70807,714550,90.09,9.91,3232885,292621,3525506,91.70,8.30
PHP,danielmiessler | SecLists,3713,3241,6954,53.39,46.61,12984,14323,27307,47.55,52.45
PHP,deployphp | deployer,42674,13001,55675,76.65,23.35,185056,49793,234849,78.80,21.20
PHP,dingo | api,47726,17412,65138,73.27,26.73,202800,69387,272187,74.51,25.49
PHP,directus | directus,1318411,509579,1827990,72.12,27.88,6301591,2077855,8379446,75.20,24.80
PHP,docker | labs,909730,679012,1588742,57.26,42.74,4009625,2586297,6595922,60.79,39.21
PHP,doctrine | annotations,43150,8862,52012,82.96,17.04,178436,33611,212047,84.15,15.85
PHP,doctrine | cache,20586,6194,26780,76.87,23.13,88595,23564,112159,78.99,21.01
PHP,doctrine | collections,13511,3965,17476,77.31,22.69,53779,15170,68949,78.00,22.00
PHP,doctrine | common,18177,6832,25009,72.68,27.32,101582,28455,130037,78.12,21.88
PHP,doctrine | dbal,290293,72405,362698,80.04,19.96,1454501,273862,1728363,84.15,15.85
PHP,doctrine | inflector,17666,1190,18856,93.69,6.31,69362,4373,73735,94.07,5.93
PHP,doctrine | instantiator,2604,838,3442,75.65,24.35,15796,3776,19572,80.71,19.29
PHP,doctrine | lexer,1816,967,2783,65.25,34.75,7220,3627,10847,66.56,33.44
PHP,doctrine | orm,592764,153201,745965,79.46,20.54,2816435,624353,3440788,81.85,18.15
PHP,dodgepudding | wechat-php-sdk,63022,25206,88228,71.43,28.57,247398,123096,370494,66.78,33.22
PHP,domnikl | DesignPatternsPHP,13643,3348,16991,80.30,19.70,61765,12886,74651,82.74,17.26
PHP,dompdf | dompdf,133457,80246,213703,62.45,37.55,467579,293902,761481,61.40,38.60
PHP,drupal | drupal,4560973,2159767,6720740,67.86,32.14,23157855,9199775,32357630,71.57,28.43
PHP,egulias | EmailValidator,13715,743,14458,94.86,5.14,60689,2989,63678,95.31,4.69
PHP,elastic | elasticsearch-php,57477,39163,96640,59.48,40.52,257945,166838,424783,60.72,39.28
PHP,electerious | Lychee,23579,4910,28489,82.77,17.23,99326,20794,120120,82.69,17.31
PHP,erusev | parsedown,9172,844,10016,91.57,8.43,34790,3193,37983,91.59,8.41
PHP,ethicalhack3r | DVWA,125943,68250,194193,64.85,35.15,590422,266799,857221,68.88,31.12
PHP,facebookarchive | facebook-php-sdk,15775,5173,20948,75.31,24.69,73742,20248,93990,78.46,21.54
PHP,facebook | php-webdriver,44846,36974,81820,54.81,45.19,222655,162627,385282,57.79,42.21
PHP,fideloper | TrustedProxy,1582,1076,2658,59.52,40.48,9609,4341,13950,68.88,31.12
PHP,filp | whoops,18589,9403,27992,66.41,33.59,82064,39862,121926,67.31,32.69
PHP,flarum | core,99969,53936,153905,64.96,35.04,440434,204379,644813,68.30,31.70
PHP,FriendsOfPHP | Goutte,3727,303,4030,92.48,7.52,15291,1264,16555,92.36,7.64
PHP,FriendsOfPHP | PHP-CS-Fixer,368435,125295,493730,74.62,25.38,2229958,491916,2721874,81.93,18.07
PHP,fuzzdb-project | fuzzdb,7848,8654,16502,47.56,52.44,29475,39868,69343,42.51,57.49
PHP,fzaninotto | Faker,468659,78879,547538,85.59,14.41,8990491,339741,9330232,96.36,3.64
PHP,geocoder-php | Geocoder,89249,22204,111453,80.08,19.92,416295,93407,509702,81.67,18.33
PHP,getgrav | grav,232707,93292,325999,71.38,28.62,969971,349910,1319881,73.49,26.51
PHP,googleapis | google-api-php-client,36981,16625,53606,68.99,31.01,163457,74776,238233,68.61,31.39
PHP,guzzle | guzzle,54946,13472,68418,80.31,19.69,217940,57246,275186,79.20,20.80
PHP,guzzle | promises,18542,3759,22301,83.14,16.86,63222,15896,79118,79.91,20.09
PHP,guzzle | psr7,44797,10227,55024,81.41,18.59,178792,42839,221631,80.67,19.33
PHP,hamcrest | hamcrest-php,31171,9068,40239,77.46,22.54,145720,32558,178278,81.74,18.26
PHP,hanc00l | wooyun_public,2365,68,2433,97.21,2.79,9471,418,9889,95.77,4.23
PHP,helloqingfeng | Awsome-Front-End-learning-resource,68561,69697,138258,49.59,50.41,307206,222790,529996,57.96,42.04
PHP,hirak | prestissimo,9138,787,9925,92.07,7.93,36965,3381,40346,91.62,8.38
PHP,humhub | humhub,730365,1222085,1952450,37.41,62.59,5522304,4967657,10489961,52.64,47.36
PHP,Intervention | image,92256,12481,104737,88.08,11.92,348417,52178,400595,86.97,13.03
PHP,invoiceninja | invoiceninja,840024,100326,940350,89.33,10.67,7654106,336755,7990861,95.79,4.21
PHP,isohuntto | openbay,30633,5336,35969,85.17,14.83,137478,21427,158905,86.52,13.48
PHP,ivanakimov | hashids.php,4343,1814,6157,70.54,29.46,17026,6664,23690,71.87,28.13
PHP,JakubOnderka | PHP-Console-Color,2141,197,2338,91.57,8.43,8824,739,9563,92.27,7.73
PHP,JakubOnderka | PHP-Console-Highlighter,1567,193,1760,89.03,10.97,8563,1005,9568,89.50,10.50
PHP,JeffreyWay | Laravel-4-Generators,6262,3066,9328,67.13,32.87,31152,10498,41650,74.79,25.21
PHP,jenssegers | laravel-mongodb,47109,9161,56270,83.72,16.28,175791,34935,210726,83.42,16.58
PHP,johnlui | Learn-Laravel-5,9369,10998,20367,46.00,54.00,44776,32165,76941,58.20,41.80
PHP,joomla | joomla-cms,2223238,1390157,3613395,61.53,38.47,9184244,5300773,14485017,63.41,36.59
PHP,joypixels | emojione,197890,2251,200141,98.88,1.12,727263,8244,735507,98.88,1.12
PHP,kalcaddle | KodExplorer,537703,61553,599256,89.73,10.27,3097662,207862,3305524,93.71,6.29
PHP,kanboard | kanboard,1008361,300000,1308361,77.07,22.93,6130257,1058923,7189180,85.27,14.73
PHP,KnpLabs | snappy,8337,2130,10467,79.65,20.35,36948,8400,45348,81.48,18.52
PHP,kriswallsmith | assetic,58308,19115,77423,75.31,24.69,257005,76523,333528,77.06,22.94
PHP,laravel | framework,764822,241867,1006689,75.97,24.03,3264809,956660,4221469,77.34,22.66
PHP,laravel | laravel,5774,12015,17789,32.46,67.54,30178,35150,65328,46.19,53.81
PHP,laravel | lumen,1027,1847,2874,35.73,64.27,4639,5857,10496,44.20,55.80
PHP,laravel | socialite,7060,2684,9744,72.45,27.55,31664,9990,41654,76.02,23.98
PHP,laravel | telescope,25672,7882,33554,76.51,23.49,115655,30651,146306,79.05,20.95
PHP,laravel | tinker,1203,631,1834,65.59,34.41,5230,2147,7377,70.90,29.10
PHP,lcobucci | jwt,22961,8364,31325,73.30,26.70,107647,52678,160325,67.14,32.86
PHP,Maatwebsite | Laravel-Excel,46632,11398,58030,80.36,19.64,209192,39823,249015,84.01,15.99
PHP,magento | magento2,9000538,2763311,11763849,76.51,23.49,42783471,14027323,56810794,75.31,24.69
PHP,matomo-org | matomo,1473041,612925,2085966,70.62,29.38,8288757,2531170,10819927,76.61,23.39
PHP,mautic | mautic,1627625,445571,2073196,78.51,21.49,7751211,1870504,9621715,80.56,19.44
PHP,maximebf | php-debugbar,31655,13048,44703,70.81,29.19,136289,51906,188195,72.42,27.58
PHP,mgp25 | Chat-API,97082,23749,120831,80.35,19.65,429193,92931,522124,82.20,17.80
PHP,mgp25 | Instagram-API,119349,183840,303189,39.36,60.64,629065,738352,1367417,46.00,54.00
PHP,mledoze | countries,1646,575,2221,74.11,25.89,7697,2267,9964,77.25,22.75
PHP,mockery | mockery,61318,29722,91040,67.35,32.65,275999,126982,402981,68.49,31.51
PHP,monicahq | monica,458812,83445,542257,84.61,15.39,3291457,292102,3583559,91.85,8.15
PHP,mtdowling | cron-expression,9826,3467,13293,73.92,26.08,40020,14108,54128,73.94,26.06
PHP,myclabs | DeepCopy,7062,1045,8107,87.11,12.89,31682,4639,36321,87.23,12.77
PHP,nemoTyrant | manong,2113,239,2352,89.84,10.16,9471,843,10314,91.83,8.17
PHP,nextcloud | server,1994565,1015416,3009981,66.27,33.73,9007283,4115950,13123233,68.64,31.36
PHP,nikic | FastRoute,7374,2846,10220,72.15,27.85,31783,8429,40212,79.04,20.96
PHP,nikic | PHP-Parser,157326,23622,180948,86.95,13.05,522917,95279,618196,84.59,15.41
PHP,nrk | predis,194653,81303,275956,70.54,29.46,871922,330191,1202113,72.53,27.47
PHP,octobercms | october,372651,105207,477858,77.98,22.02,2720912,380076,3100988,87.74,12.26
PHP,opencart | opencart,1754047,205291,1959338,89.52,10.48,7983021,831370,8814391,90.57,9.43
PHP,overtrue | wechat,132053,49201,181254,72.86,27.14,586268,218635,804903,72.84,27.16
PHP,owncloud | core,1560531,790620,2351151,66.37,33.63,6839025,3183866,10022891,68.23,31.77
PHP,pagekit | pagekit,237233,32226,269459,88.04,11.96,1701981,108420,1810401,94.01,5.99
PHP,paragonie | random_compat,5982,5316,11298,52.95,47.05,24787,20563,45350,54.66,45.34
PHP,phacility | phabricator,2382221,306775,2688996,88.59,11.41,12181418,1147376,13328794,91.39,8.61
PHP,phalcon | cphalcon,505747,405680,911427,55.49,44.51,2414304,1642655,4056959,59.51,40.49
PHP,phanan | koel,48742,25916,74658,65.29,34.71,216755,83421,300176,72.21,27.79
PHP,phan | phan,743523,258888,1002411,74.17,25.83,4766037,1043627,5809664,82.04,17.96
PHP,phar-io | manifest,10571,5965,16536,63.93,36.07,54713,28273,82986,65.93,34.07
PHP,phar-io | version,4654,2479,7133,65.25,34.75,21152,10444,31596,66.95,33.05
PHP,php-ai | php-ml,92405,13619,106024,87.15,12.85,328461,52237,380698,86.28,13.72
PHP,phpDocumentor | ReflectionDocBlock,28326,17110,45436,62.34,37.66,135303,90894,226197,59.82,40.18
PHP,phpDocumentor | TypeResolver,9469,7447,16916,55.98,44.02,44431,34440,78871,56.33,43.67
PHP,php-fig | log,1859,1836,3695,50.31,49.69,7822,7018,14840,52.71,47.29
PHP,PHPMailer | PHPMailer,29923,22031,51954,57.60,42.40,172580,86015,258595,66.74,33.26
PHP,phpmyadmin | phpmyadmin,739971,270514,1010485,73.23,26.77,3355353,1096846,4452199,75.36,24.64
PHP,PHPOffice | PHPExcel,462190,256772,718962,64.29,35.71,1994211,1000106,2994317,66.60,33.40
PHP,PHPOffice | PhpSpreadsheet,493650,174381,668031,73.90,26.10,1994055,657427,2651482,75.21,24.79
PHP,PHPOffice | PHPWord,206869,125380,332249,62.26,37.74,997026,521723,1518749,65.65,34.35
PHP,php-pm | php-pm,13739,4974,18713,73.42,26.58,63016,19689,82705,76.19,23.81
PHP,phpseclib | phpseclib,232294,114373,346667,67.01,32.99,1012444,455489,1467933,68.97,31.03
PHP,phpspec | prophecy,43826,12110,55936,78.35,21.65,220793,50122,270915,81.50,18.50
PHP,phpstan | phpstan,495051,30923,525974,94.12,5.88,2477730,140182,2617912,94.65,5.35
PHP,picocms | Pico,10467,12874,23341,44.84,55.16,42103,49324,91427,46.05,53.95
PHP,PrestaShop | PrestaShop,1750109,1118520,2868629,61.01,38.99,8602461,4806381,13408842,64.16,35.84
PHP,ramsey | uuid,28769,17109,45878,62.71,37.29,147103,80407,227510,64.66,35.34
PHP,rappasoft | laravel-5-boilerplate,104426,66976,171402,60.92,39.08,821563,204648,1026211,80.06,19.94
PHP,ratchetphp | Ratchet,21352,4401,25753,82.91,17.09,91795,19277,111072,82.64,17.36
PHP,Respect | Validation,111009,81095,192104,57.79,42.21,508673,369651,878324,57.91,42.09
PHP,rmccue | Requests,37219,17106,54325,68.51,31.49,151647,67986,219633,69.05,30.95
PHP,roots | sage,2694,1597,4291,62.78,37.22,13631,6122,19753,69.01,30.99
PHP,sebastianbergmann | comparator,10553,4710,15263,69.14,30.86,45541,21945,67486,67.48,32.52
PHP,sebastianbergmann | diff,21385,4814,26199,81.63,18.37,81151,19800,100951,80.39,19.61
PHP,sebastianbergmann | environment,2212,1031,3243,68.21,31.79,9131,4509,13640,66.94,33.06
PHP,sebastianbergmann | exporter,1807,609,2416,74.79,25.21,7415,2569,9984,74.27,25.73
PHP,sebastianbergmann | global-state,4485,1255,5740,78.14,21.86,19991,5500,25491,78.42,21.58
PHP,sebastianbergmann | php-code-coverage,32236,6431,38667,83.37,16.63,141254,26905,168159,84.00,16.00
PHP,sebastianbergmann | php-file-iterator,1187,343,1530,77.58,22.42,4412,1358,5770,76.46,23.54
PHP,sebastianbergmann | php-token-stream,8942,1725,10667,83.83,16.17,38984,6888,45872,84.98,15.02
PHP,sebastianbergmann | phpunit,179507,61126,240633,74.60,25.40,828767,274585,1103352,75.11,24.89
PHP,sebastianbergmann | phpunit-mock-objects,20280,7806,28086,72.21,27.79,95634,33281,128915,74.18,25.82
PHP,sebastianbergmann | resource-operations,4626,152,4778,96.82,3.18,44406,660,45066,98.54,1.46
PHP,Seldaek | monolog,91446,32695,124141,73.66,26.34,399701,139761,539462,74.09,25.91
PHP,serbanghita | Mobile-Detect,29401,8501,37902,77.57,22.43,340524,39791,380315,89.54,10.46
PHP,silexphp | Silex,51084,11971,63055,81.01,18.99,228587,47931,276518,82.67,17.33
PHP,slimphp | Slim,66171,23981,90152,73.40,26.60,284951,99486,384437,74.12,25.88
PHP,spatie | laravel-backup,23099,1728,24827,93.04,6.96,150197,7511,157708,95.24,4.76
PHP,spatie | laravel-permission,20363,3002,23365,87.15,12.85,100051,12684,112735,88.75,11.25
PHP,squizlabs | PHP_CodeSniffer,276146,141729,417875,66.08,33.92,1095459,559236,1654695,66.20,33.80
PHP,swiftmailer | swiftmailer,163058,49388,212446,76.75,23.25,728000,187791,915791,79.49,20.51
PHP,Sylius | Sylius,601408,180968,782376,76.87,23.13,3283320,661742,3945062,83.23,16.77
PHP,symfony | console,107276,27373,134649,79.67,20.33,515173,111047,626220,82.27,17.73
PHP,symfony | css-selector,22246,8097,30343,73.32,26.68,98876,33449,132325,74.72,25.28
PHP,symfony | debug,22448,4787,27235,82.42,17.58,111489,19310,130799,85.24,14.76
PHP,symfony | event-dispatcher,13765,3408,17173,80.15,19.85,63142,13454,76596,82.44,17.56
PHP,symfony | finder,20222,6770,26992,74.92,25.08,87445,26496,113941,76.75,23.25
PHP,symfony | http-foundation,101442,33168,134610,75.36,24.64,461099,132448,593547,77.69,22.31
PHP,symfony | http-kernel,118784,32156,150940,78.70,21.30,551791,132443,684234,80.64,19.36
PHP,symfony | polyfill-mbstring,14077,643,14720,95.63,4.37,51396,3066,54462,94.37,5.63
PHP,symfony | process,17960,7124,25084,71.60,28.40,75235,30213,105448,71.35,28.65
PHP,symfony | routing,154916,20168,175084,88.48,11.52,633601,82804,716405,88.44,11.56
PHP,symfony | symfony,2285332,620150,2905482,78.66,21.34,10803719,2575318,13379037,80.75,19.25
PHP,symfony | thanks,1971,277,2248,87.68,12.32,8869,1086,9955,89.09,10.91
PHP,symfony | translation,44516,15262,59778,74.47,25.53,207039,62955,269994,76.68,23.32
PHP,symfony | var-dumper,42884,8125,51009,84.07,15.93,204730,32086,236816,86.45,13.55
PHP,tennc | webshell,1175436,68611,1244047,94.48,5.52,8059334,251783,8311117,96.97,3.03
PHP,the-control-group | voyager,167757,11863,179620,93.40,6.60,1151152,43481,1194633,96.36,3.64
PHP,thephpleague | flysystem,37022,10297,47319,78.24,21.76,163793,37675,201468,81.30,18.70
PHP,thephpleague | oauth2-server,40402,8929,49331,81.90,18.10,220838,42413,263251,83.89,16.11
PHP,theseer | tokenizer,2220,317,2537,87.50,12.50,9339,1127,10466,89.23,10.77
PHP,ThinkUpLLC | ThinkUp,975535,357491,1333026,73.18,26.82,4616312,1431840,6048152,76.33,23.67
PHP,tijsverkoyen | CssToInlineStyles,3400,865,4265,79.72,20.28,16690,3372,20062,83.19,16.81
PHP,timber | timber,110260,29517,139777,78.88,21.12,483768,104341,588109,82.26,17.74
PHP,top-think | think,793,5515,6308,12.57,87.43,4506,15232,19738,22.83,77.17
PHP,twigphp | Twig,105894,30997,136891,77.36,22.64,485211,123829,609040,79.67,20.33
PHP,tymondesigns | jwt-auth,34095,16637,50732,67.21,32.79,145062,62724,207786,69.81,30.19
PHP,typecho | typecho,129774,46960,176734,73.43,26.57,531609,193860,725469,73.28,26.72
PHP,vlucas | phpdotenv,8743,4003,12746,68.59,31.41,36843,17247,54090,68.11,31.89
PHP,vrana | adminer,146385,18216,164601,88.93,11.07,856195,73150,929345,92.13,7.87
PHP,walkor | Workerman,31239,10540,41779,74.77,25.23,124278,39901,164179,75.70,24.30
PHP,wallabag | wallabag,140810,27365,168175,83.73,16.27,693253,102531,795784,87.12,12.88
PHP,webmozart | assert,10901,2900,13801,78.99,21.01,42457,9915,52372,81.07,18.93
PHP,webonyx | graphql-php,260819,56964,317783,82.07,17.93,1222728,213854,1436582,85.11,14.89
PHP,woocommerce | woocommerce,933629,371555,1305184,71.53,28.47,4441950,1436306,5878256,75.57,24.43
PHP,WordPress | WordPress,1234453,932040,2166493,56.98,43.02,5376107,3577479,8953586,60.04,39.96
PHP,WP-API | WP-API,111361,14758,126119,88.30,11.70,510278,60719,570997,89.37,10.63
PHP,wp-cli | wp-cli,62239,27414,89653,69.42,30.58,262714,105754,368468,71.30,28.70
PHP,yiisoft | yii,2969463,450661,3420124,86.82,13.18,16121569,1800194,17921763,89.96,10.04
PHP,yiisoft | yii2,607094,438868,1045962,58.04,41.96,3084726,1693882,4778608,64.55,35.45
PHP,YOURLS | YOURLS,89856,68273,158129,56.82,43.18,371004,267504,638508,58.10,41.90
PHP,Zizaco | entrust,12948,10833,23781,54.45,45.55,53927,28544,82471,65.39,34.61
PHP,z-song | laravel-admin,105051,33863,138914,75.62,24.38,465752,109166,574918,81.01,18.99
